Branch Name,District,Branch Code
Adama Branch,ADAMA DISTRICT,10002
Adea Branch,ADAMA DISTRICT,10168
Artu Branch,ADAMA DISTRICT,10611
Awash Melkasa Branch,ADAMA DISTRICT,10188
Awash Sebat Kilo,ADAMA DISTRICT,10184
Barecha Branch,ADAMA DISTRICT,10523
Bedhatu Branch,ADAMA DISTRICT,10591
Bilal Branch,ADAMA DISTRICT,10415
Bishoftu Branch,ADAMA DISTRICT,10446
Boku Shenen Branch,ADAMA DISTRICT,10076
Bole-Nura Hera Branch,ADAMA DISTRICT,10022
Bosat Branch,ADAMA DISTRICT,10189
Bote Branch,ADAMA DISTRICT,10191
Burka Branch,ADAMA DISTRICT,10349
Chafe Branch,ADAMA DISTRICT,10285
Dabe Soloke Branch,ADAMA DISTRICT,10326
Dagaga Branch,ADAMA DISTRICT,10514
Dambala Micro Branch,ADAMA DISTRICT,
Derartu Tullu Branch,ADAMA DISTRICT,10267
Dhadacha Arara Branch,ADAMA DISTRICT,10323
Dhaka Adi Branch,ADAMA DISTRICT,10170
Dire Jitu Branch,ADAMA DISTRICT,10609
Ela Bala Branch,ADAMA DISTRICT,10257
Ganda Hara Branch,ADAMA DISTRICT,10350
Gara Baru Branch,ADAMA DISTRICT,10370
Gumbichu Branch,ADAMA DISTRICT,10061
Gurmu Branch,ADAMA DISTRICT,10594
Haro Adi Branch,ADAMA DISTRICT,10372
Hawas Branch,ADAMA DISTRICT,10010
Hora Arsedi Branch,ADAMA DISTRICT,10005
Karayu Branch,ADAMA DISTRICT,10178
Kilole Branch,ADAMA DISTRICT,10171
Kiltu Lume Branch,ADAMA DISTRICT,10351
Koka Branch,ADAMA DISTRICT,10348
Liban Chukala Branch,ADAMA DISTRICT,10432
Lugo Branch,ADAMA DISTRICT,10630
Meki Branch,ADAMA DISTRICT,10043
Mojo Branch,ADAMA DISTRICT,10024
Oda Boqota,ADAMA DISTRICT,10513
Qechema Branch,ADAMA DISTRICT,10280
Qoche Branch,ADAMA DISTRICT,10544
Qurqura Branch,ADAMA DISTRICT,10206
Torban Garba Branch,ADAMA DISTRICT,10592
Torban Obo Branch,ADAMA DISTRICT,10018
Wanji Branch,ADAMA DISTRICT,10278
Abba Jama Branch,ASELLA DISTRICT,10324
Abomsa Branch,ASELLA DISTRICT,10062
Addele Branch,ASELLA DISTRICT,10130
Anole Micro Branch,ASELLA DISTRICT,10366
Arboye Branch,ASELLA DISTRICT,10124
Asela Branch,ASELLA DISTRICT,10003
Badr Branch,ASELLA DISTRICT,10610
Bale Gesgar Branch,ASELLA DISTRICT,10260
Bokoji Branch,ASELLA DISTRICT,10027
Boru Jawi Branch,ASELLA DISTRICT,10325
Chilalo Branch,ASELLA DISTRICT,10254
Chole Branch,ASELLA DISTRICT,10122
Digalu Branch,ASELLA DISTRICT,10521
Diksis Branch,ASELLA DISTRICT,10131
Dodota Branch,ASELLA DISTRICT,10190
Ego Branch,ASELLA DISTRICT,10524
Eteya Branch,ASELLA DISTRICT,10028
Golja Branch,ASELLA DISTRICT,10643
Gololcha Branch,ASELLA DISTRICT,10251
Habe Branch,ASELLA DISTRICT,10135
Huruta Branch,ASELLA DISTRICT,10103
Kersa Arsi Branch,ASELLA DISTRICT,10026
Kula Branch,ASELLA DISTRICT,10234
Meraro Branch,ASELLA DISTRICT,10367
Negelle Arba Gugu Br,ASELLA DISTRICT,10250
Ogolcho Branch,ASELLA DISTRICT,10371
Robe Dedea Branch,ASELLA DISTRICT,10059
Sagure Branch,ASELLA DISTRICT,10134
Salahadin Ali-Ayub,ASELLA DISTRICT,10436
Shirka Branch,ASELLA DISTRICT,10065
Siltana Branch,ASELLA DISTRICT,10172
Sire Arsi Branch,ASELLA DISTRICT,10127
Tijo Branch,ASELLA DISTRICT,10522
Tiyo Branch,ASELLA DISTRICT,10585
Xicho Branch,ASELLA DISTRICT,10226
Bahir Dar Branch,BAHIRDAR AREA BR RELATIONSHIP OFFICE,10089
Bure Branch,BAHIRDAR AREA BR RELATIONSHIP OFFICE,10442
Debre Markos Branch,BAHIRDAR AREA BR RELATIONSHIP OFFICE,10383
Dessie Branch,BAHIRDAR AREA BR RELATIONSHIP OFFICE,10090
Ganda Wuha Branch,BAHIRDAR AREA BR RELATIONSHIP OFFICE,10381
Gonder Branch,BAHIRDAR AREA BR RELATIONSHIP OFFICE,10087
Halal Branch,BAHIRDAR AREA BR RELATIONSHIP OFFICE,10417
Humera Branch,BAHIRDAR AREA BR RELATIONSHIP OFFICE,10077
Injibara Branch,BAHIRDAR AREA BR RELATIONSHIP OFFICE,10644
Kemise Branch,BAHIRDAR AREA BR RELATIONSHIP OFFICE,10072
Logia-Sultan-Ali Mirah,BAHIRDAR AREA BR RELATIONSHIP OFFICE,10564
Metema Branch,BAHIRDAR AREA BR RELATIONSHIP OFFICE,10105
Mufti Dawud Branch,BAHIRDAR AREA BR RELATIONSHIP OFFICE,10409
Tana Branch,BAHIRDAR AREA BR RELATIONSHIP OFFICE,10363
Wollo Kombolcha Branch,BAHIRDAR AREA BR RELATIONSHIP OFFICE,10579
Agarfa Branch,BALE DISTRICT,10197
Ali Branch,BALE DISTRICT,10335
Burka Walabu Branch,BALE DISTRICT,10368
Dinsho Branch,BALE DISTRICT,10617
Dolo Mana Branch,BALE DISTRICT,10224
Dolosebro Branch,BALE DISTRICT,10337
Gasara Branch,BALE DISTRICT,10163
GeneralWakoGutu Branch,BALE DISTRICT,10334
Ginnir Branch,BALE DISTRICT,10051
Goba Branch,BALE DISTRICT,10145
Goro Branch,BALE DISTRICT,10227
Harana Buluq Branch,BALE DISTRICT,10233
Haro Dumal Branch,BALE DISTRICT,10232
Jarra Branch,BALE DISTRICT,10286
Mada Walabu Branch,BALE DISTRICT,10228
Maliyu Branch,BALE DISTRICT,10625
Robe Branch,BALE DISTRICT,10017
Sanate Branch,BALE DISTRICT,10477
Selam Branch,BALE DISTRICT,10427
Sinana Branch,BALE DISTRICT,10511
Sofomar Branch,BALE DISTRICT,10454
Aba Mela Branch,CENTRAL FINFINE DISTRICT,10113
Aba Nefso Branch,CENTRAL FINFINE DISTRICT,10111
Abdisa Aga Branch,CENTRAL FINFINE DISTRICT,10485
Agemsa Branch,CENTRAL FINFINE DISTRICT,10132
Baro Korma Branch,CENTRAL FINFINE DISTRICT,10373
Birbirsa Branch,CENTRAL FINFINE DISTRICT,10155
Birmaji Branch,CENTRAL FINFINE DISTRICT,10455
Bombtera Branch,CENTRAL FINFINE DISTRICT,10064
Catherine Hamlin,CENTRAL FINFINE DISTRICT,10599
Chafe Anane Branch,CENTRAL FINFINE DISTRICT,10508
Churchill Branch,CENTRAL FINFINE DISTRICT,10118
Debasso Branch,CENTRAL FINFINE DISTRICT,
Dolo Bidena Branch,CENTRAL FINFINE DISTRICT,10185
Edao Boru Branch,CENTRAL FINFINE DISTRICT,10621
Finfine Branch,CENTRAL FINFINE DISTRICT,10222
Gojam Berenda Branch,CENTRAL FINFINE DISTRICT,10096
Haile Fida Branch,CENTRAL FINFINE DISTRICT,10428
Hilal Branch,CENTRAL FINFINE DISTRICT,10530
Hurufa Rare Branch,CENTRAL FINFINE DISTRICT,10330
Kebena Branch,CENTRAL FINFINE DISTRICT,10082
Kello Mesqela Branch,CENTRAL FINFINE DISTRICT,10421
Kersa Main Branch,CENTRAL FINFINE DISTRICT,10004
Mechaf Tulama Branch,CENTRAL FINFINE DISTRICT,10619
Merkato Branch,CENTRAL FINFINE DISTRICT,10008
Mesalemia Branch,CENTRAL FINFINE DISTRICT,10125
Meskel Flower Branch,CENTRAL FINFINE DISTRICT,10121
Mina Branch,CENTRAL FINFINE DISTRICT,10566
Oda Branch,CENTRAL FINFINE DISTRICT,10048
Prof. Gebissa,CENTRAL FINFINE DISTRICT,10622
Robale Branch,CENTRAL FINFINE DISTRICT,10424
Sheger Branch,CENTRAL FINFINE DISTRICT,10012
Sinqee Branch,CENTRAL FINFINE DISTRICT,10431
Sora Lume Branch,CENTRAL FINFINE DISTRICT,10395
Sulula Garbi Branch,CENTRAL FINFINE DISTRICT,10249
Ummu-Ayman Branch,CENTRAL FINFINE DISTRICT,10429
Wayyu Branch,CENTRAL FINFINE DISTRICT,10158
Wirtu Merkato Branch,CENTRAL FINFINE DISTRICT,10173
Yai Goro Branch,CENTRAL FINFINE DISTRICT,10509
Yai Gulele Branch,CENTRAL FINFINE DISTRICT,10133
Al-Bukhari Branch,CHIRO DISTRICT,10536
Ancher Branch,CHIRO DISTRICT,10506
Asabot Branch,CHIRO DISTRICT,10586
Baroda Branch,CHIRO DISTRICT,10268
Bedessa Branch,CHIRO DISTRICT,10034
Boke Xiqo Branch,CHIRO DISTRICT,10244
Burqa Dhintu Branch,CHIRO DISTRICT,10588
Chiro Branch,CHIRO DISTRICT,10037
Deder Branch,CHIRO DISTRICT,10085
Dhumuga Branch,CHIRO DISTRICT,10534
Doba Branch,CHIRO DISTRICT,10375
Furkan Branch,CHIRO DISTRICT,10546
Garu Hira Branch,CHIRO DISTRICT,10520
Gelemso Branch,CHIRO DISTRICT,10068
Gemechis Branch,CHIRO DISTRICT,10507
Haro Charchar Branch,CHIRO DISTRICT,10587
Hirna Branch,CHIRO DISTRICT,10084
JAJA BRANCH,CHIRO DISTRICT,10374
Kamona Branch,CHIRO DISTRICT,10533
Karamile Branch,CHIRO DISTRICT,10281
Kobo Branch,CHIRO DISTRICT,10338
Mechara Branch,CHIRO DISTRICT,10294
Melka Ballo Branch,CHIRO DISTRICT,10182
Michata Branch,CHIRO DISTRICT,10340
Miesso Branch,CHIRO DISTRICT,10505
Milqaye Branch,CHIRO DISTRICT,10535
Murtiguto Branch,CHIRO DISTRICT,10578
Oda Bultum Branch,CHIRO DISTRICT,10519
Sheik Mohammed Reshad,CHIRO DISTRICT,10377
Shenen Dhugo Branch,CHIRO DISTRICT,10296
Soka Branch,CHIRO DISTRICT,10623
Tullo Branch,CHIRO DISTRICT,10556
Abdi Qophe Branch,DIRE DAWA DISTRICT,10595
Abubeker Al-Siddiq Br,DIRE DAWA DISTRICT,10411
Afren Kelo Branch,DIRE DAWA DISTRICT,10045
Ahmed Imam Branch,DIRE DAWA DISTRICT,10341
Arefa Branch,DIRE DAWA DISTRICT,10464
Aw-Abadir Branch,DIRE DAWA DISTRICT,10246
Babile Branch,DIRE DAWA DISTRICT,10047
Badano Branch,DIRE DAWA DISTRICT,10245
Bekerware Branch,DIRE DAWA DISTRICT,10561
Bereka Branch,DIRE DAWA DISTRICT,10412
Biftu Branch,DIRE DAWA DISTRICT,10393
Bulullo Branch,DIRE DAWA DISTRICT,10518
Burka Tirtira Branch,DIRE DAWA DISTRICT,10408
Chalanqo Branch,DIRE DAWA DISTRICT,10247
Chinaksen Branch,DIRE DAWA DISTRICT,10242
Dire Dawa Branch,DIRE DAWA DISTRICT,10013
Diredawa Rashotel,DIRE DAWA DISTRICT,
Elemo Qiltu Branch,DIRE DAWA DISTRICT,10397
Fedis Branch,DIRE DAWA DISTRICT,10407
Fugnan Bira Branch,DIRE DAWA DISTRICT,10277
Gara Muleta Branch,DIRE DAWA DISTRICT,10269
Gode Branch,DIRE DAWA DISTRICT,10243
Goro Muti Branch,DIRE DAWA DISTRICT,10361
Greek Camp Branch,DIRE DAWA DISTRICT,10282
Hafatessa Branch,DIRE DAWA DISTRICT,10100
Haramaya Branch,DIRE DAWA DISTRICT,10074
Hikma Branch,DIRE DAWA DISTRICT,10410
Hundene Branch,DIRE DAWA DISTRICT,10046
Imam Ahmed Mesjid Bran,DIRE DAWA DISTRICT,10484
Iqra Branch,DIRE DAWA DISTRICT,10573
Jahan Jarso Branch,DIRE DAWA DISTRICT,10295
Jara Abageda Branch,DIRE DAWA DISTRICT,10339
Jigjiga Branch,DIRE DAWA DISTRICT,10038
Kali Branch,DIRE DAWA DISTRICT,10248
Kefira Branch,DIRE DAWA DISTRICT,10483
Kombolcha Branch,DIRE DAWA DISTRICT,10101
Kurfachale Branch,DIRE DAWA DISTRICT,10608
Laga Oda Branch,DIRE DAWA DISTRICT,10239
Mayu Muluke,DIRE DAWA DISTRICT,10402
Medinat Al-Munawer Br,DIRE DAWA DISTRICT,10418
Megalla Branch,DIRE DAWA DISTRICT,10283
Melka Jebdu Branch,DIRE DAWA DISTRICT,10276
Midhaga Branch,DIRE DAWA DISTRICT,10607
Mustafa Harawe Branch,DIRE DAWA DISTRICT,10501
Qulubi Branch,DIRE DAWA DISTRICT,10593
Ramadan Branch,DIRE DAWA DISTRICT,10541
Sabian Branch,DIRE DAWA DISTRICT,10063
Sheik Bekri Sapello,DIRE DAWA DISTRICT,10430
Taiwan Branch,DIRE DAWA DISTRICT,10517
Togo Wuchale Branch,DIRE DAWA DISTRICT,10049
Weltea Branch,DIRE DAWA DISTRICT,10284
22 Mazoria Branch,EASTERN FINFINE DISTRICT,10107
Abebech Gobana Branch,EASTERN FINFINE DISTRICT,10550
Abebie Tufa Branch,EASTERN FINFINE DISTRICT,10140
Airport Forex Bureau,EASTERN FINFINE DISTRICT,10466
Akaki Branch,EASTERN FINFINE DISTRICT,10075
Baro Tumsa Branch,EASTERN FINFINE DISTRICT,10420
Beshale Branch,EASTERN FINFINE DISTRICT,10449
Bole Airport Branch,EASTERN FINFINE DISTRICT,10474
Bole Arabsa Branch,EASTERN FINFINE DISTRICT,10364
Bole Atlas Branch,EASTERN FINFINE DISTRICT,10164
Bole Bulbula Branch,EASTERN FINFINE DISTRICT,10196
Bole Cargo Branch,EASTERN FINFINE DISTRICT,10490
Bole Lami Branch,EASTERN FINFINE DISTRICT,10261
Bole Medanealem Branch,EASTERN FINFINE DISTRICT,10117
Bole Michael Branch,EASTERN FINFINE DISTRICT,10056
Bole Ruwanda Branch,EASTERN FINFINE DISTRICT,10104
Boru Bilo Branch,EASTERN FINFINE DISTRICT,10624
Burqa Shobbe Branch,EASTERN FINFINE DISTRICT,10620
Damo Dadi Branch,EASTERN FINFINE DISTRICT,10481
Dhaga Bora Branch,EASTERN FINFINE DISTRICT,10545
Dukem industry zone,EASTERN FINFINE DISTRICT,10577
Dulo Branch,EASTERN FINFINE DISTRICT,10451
Eka Abado Branch,EASTERN FINFINE DISTRICT,10258
Erer Branch,EASTERN FINFINE DISTRICT,10102
Figa Branch,EASTERN FINFINE DISTRICT,10589
Gara Bushu Branch,EASTERN FINFINE DISTRICT,10604
Gara Duba Branch,EASTERN FINFINE DISTRICT,10539
Gawassa Branch,EASTERN FINFINE DISTRICT,10354
Gelan Branch,EASTERN FINFINE DISTRICT,10035
Gerji Branch,EASTERN FINFINE DISTRICT,10057
Gurd Shola Branch,EASTERN FINFINE DISTRICT,10149
Haile Gebre Branch,EASTERN FINFINE DISTRICT,10180
Handhura Tulama Branch,EASTERN FINFINE DISTRICT,10388
Haramain Branch,EASTERN FINFINE DISTRICT,10414
Harbu Branch,EASTERN FINFINE DISTRICT,10405
Jate Branch,EASTERN FINFINE DISTRICT,10459
Karra Qallu Branch,EASTERN FINFINE DISTRICT,10070
Kura Jida Branch,EASTERN FINFINE DISTRICT,10482
Lami Industrial park,EASTERN FINFINE DISTRICT,10557
Lauret Tsegaye,EASTERN FINFINE DISTRICT,10606
Lemo Branch,EASTERN FINFINE DISTRICT,10460
Mammo Mazamir Branch,EASTERN FINFINE DISTRICT,10560
Melba Branch,EASTERN FINFINE DISTRICT,10444
Migira Branch,EASTERN FINFINE DISTRICT,10489
Oda Nabe Branch,EASTERN FINFINE DISTRICT,10154
Sadan Ekka Branch,EASTERN FINFINE DISTRICT,10236
Saris Branch,EASTERN FINFINE DISTRICT,10071
Shabu Ejersa Branch,EASTERN FINFINE DISTRICT,10406
Shala Branch,EASTERN FINFINE DISTRICT,10443
Tirunesh Dibaba Branch,EASTERN FINFINE DISTRICT,10110
Tulu Dimtu Branch,EASTERN FINFINE DISTRICT,10425
Wara Ganu Branch,EASTERN FINFINE DISTRICT,10392
Xadacha Branch,EASTERN FINFINE DISTRICT,10365
AL-Nasir Branch,HAWASSA DISTRICT,10584
Adola Branch,HAWASSA DISTRICT,10041
Alamura Branch,HAWASSA DISTRICT,10526
Aleta Wondo Branch,HAWASSA DISTRICT,10627
Bensa Daye Branch,HAWASSA DISTRICT,10394
Beriso Dukale Micro,HAWASSA DISTRICT,10437
Birbirsa Kojowa Branch,HAWASSA DISTRICT,
Bore Branch,HAWASSA DISTRICT,10299
Bule Hora Branch,HAWASSA DISTRICT,10015
Chelelektu Branch,HAWASSA DISTRICT,10642
Chuko Branch,HAWASSA DISTRICT,10641
DERARO BRANCH,HAWASSA DISTRICT,
Deri Kidame Branch,HAWASSA DISTRICT,
Dilla Branch,HAWASSA DISTRICT,10040
Dollo Ado Branch,HAWASSA DISTRICT,10462
EL-Waye Branch,HAWASSA DISTRICT,
Fura Branch,HAWASSA DISTRICT,10136
Gedeb Branch,HAWASSA DISTRICT,10532
Gromole Thermo-House,HAWASSA DISTRICT,
Gudetu Robale Branch,HAWASSA DISTRICT,
Hara Kello Branch,HAWASSA DISTRICT,10369
Hawasa Industrial Park,HAWASSA DISTRICT,
Hawassa Branch,HAWASSA DISTRICT,10067
Haya Dima Branch,HAWASSA DISTRICT,10603
Laku Branch,HAWASSA DISTRICT,10487
Madha Galma Branch,HAWASSA DISTRICT,10488
Moyale Branch,HAWASSA DISTRICT,10129
Negele Borena Branch,HAWASSA DISTRICT,10106
Nur Branch,HAWASSA DISTRICT,10486
Odo Shakiso Branch,HAWASSA DISTRICT,10052
Qarcha Branch,HAWASSA DISTRICT,10240
Shafeta Branch,HAWASSA DISTRICT,10525
Sumuda Branch,HAWASSA DISTRICT,10378
Tabor Branch,HAWASSA DISTRICT,10259
Taltale Branch,HAWASSA DISTRICT,10380
Tullu Farda,HAWASSA DISTRICT,
Uraga Branch,HAWASSA DISTRICT,10167
Wadera Branch,HAWASSA DISTRICT,10379
Warka Branch,HAWASSA DISTRICT,10352
Yabello Branch,HAWASSA DISTRICT,10142
Yirgachafe Branch,HAWASSA DISTRICT,10311
Yirgalem Branch,HAWASSA DISTRICT,10438
Head Office,HEAD OFFICE,
Arba Minch Branch,HOSSANA DISTRICT,10176
Areka Branch,HOSSANA DISTRICT,10494
Boditi Branch,HOSSANA DISTRICT,10552
Bonosha Branch,HOSSANA DISTRICT,10495
Bui Branch,HOSSANA DISTRICT,10496
Butajira Branch,HOSSANA DISTRICT,10310
Conolel Bezabih Petros,HOSSANA DISTRICT,10491
Damboya Branch,HOSSANA DISTRICT,10551
Dawuro Branch,HOSSANA DISTRICT,10600
Doyo Gena Branch,HOSSANA DISTRICT,10439
Durame Branch,HOSSANA DISTRICT,10492
Enseno Branch,HOSSANA DISTRICT,10498
Geja Geribo Branch,HOSSANA DISTRICT,10601
Gesupa Branch,HOSSANA DISTRICT,10563
Hadero Branch,HOSSANA DISTRICT,10440
Hadero Tunto Branch,HOSSANA DISTRICT,
Halaba Kulito Branch,HOSSANA DISTRICT,10336
Hambecho Branch,HOSSANA DISTRICT,
Hamus Gebeya,HOSSANA DISTRICT,
Homecho Branch,HOSSANA DISTRICT,10572
Hosana Branch,HOSSANA DISTRICT,10093
Jajura Branch,HOSSANA DISTRICT,10554
Kela Branch,HOSSANA DISTRICT,10497
Konso Branch,HOSSANA DISTRICT,10553
Koshe Mareko Branch,HOSSANA DISTRICT,10648
Lisana Branch,HOSSANA DISTRICT,10602
OMER IBN AL-KHATTAB Br,HOSSANA DISTRICT,10423
Sankura Branch,HOSSANA DISTRICT,10562
Sechduna Branch,HOSSANA DISTRICT,10329
Shinshicho Branch,HOSSANA DISTRICT,10493
Tona Branch,HOSSANA DISTRICT,10580
Wolayita Soddo Branch,HOSSANA DISTRICT,10094
Wolkite Branch,HOSSANA DISTRICT,
Aba Jifar Branch,JIMMA DISTRICT,10313
Agaro Branch,JIMMA DISTRICT,10116
Al-Rahma Branch,JIMMA DISTRICT,10516
Alge Sachi Branch,JIMMA DISTRICT,10237
Amana Branch,JIMMA DISTRICT,10447
Asandabo Branch,JIMMA DISTRICT,10199
Awetu Branch,JIMMA DISTRICT,10357
Bedelle Branch,JIMMA DISTRICT,10114
Bonga Branch,JIMMA DISTRICT,10504
Bure Ilu Branch,JIMMA DISTRICT,10502
Chawaqa Branch,JIMMA DISTRICT,10404
Chora Branch,JIMMA DISTRICT,10160
Dambi Branch,JIMMA DISTRICT,10212
Darimu Branch,JIMMA DISTRICT,10198
Dedo Branch,JIMMA DISTRICT,
Fethi Mesjid Branch,JIMMA DISTRICT,10419
Gachi Branch,JIMMA DISTRICT,10358
Gambella Branch,JIMMA DISTRICT,10141
Gera Branch,JIMMA DISTRICT,10252
Gore Branch,JIMMA DISTRICT,10275
Hirmata Branch,JIMMA DISTRICT,10342
Hurumu Branch,JIMMA DISTRICT,10503
Jiren Branch,JIMMA DISTRICT,10213
Limu Genet Branch,JIMMA DISTRICT,10109
Limu Seqqa Branch,JIMMA DISTRICT,10256
Melka Debana Branch,JIMMA DISTRICT,10470
Mettu Branch,JIMMA DISTRICT,10314
Mizan Aman Branch,JIMMA DISTRICT,10153
Newland Micro Branch,JIMMA DISTRICT,10480
Omo Nada Branch,JIMMA DISTRICT,10360
Saxamma Branch,JIMMA DISTRICT,10396
Sedecha Branch,JIMMA DISTRICT,10471
Seglen Ilu Branch,JIMMA DISTRICT,10014
Seka Chokorsa Branch,JIMMA DISTRICT,10500
Serbo Branch,JIMMA DISTRICT,10467
Shabe Branch,JIMMA DISTRICT,10356
Shenen Gibe Branch,JIMMA DISTRICT,10033
Sigmo Branch,JIMMA DISTRICT,10387
Sokoru Branch,JIMMA DISTRICT,10359
Sor Micro Branch,JIMMA DISTRICT,10479
Tepi Branch,JIMMA DISTRICT,10159
Tobba Branch,JIMMA DISTRICT,10549
Yayyo Branch,JIMMA DISTRICT,10139
Yebu Branch,JIMMA DISTRICT,10468
Adigrat Branch,MEKELE AREA BR RELATIONSHIP OFFICE,10390
Aksum Branch,MEKELE AREA BR RELATIONSHIP OFFICE,10389
Djibruk Branch,MEKELE AREA BR RELATIONSHIP OFFICE,10148
Mekele Branch,MEKELE AREA BR RELATIONSHIP OFFICE,10086
Shire Branch,MEKELE AREA BR RELATIONSHIP OFFICE,10123
Abba Sena Branch,NEKEMTE DISTRICT,10570
Agamsa Migir Branch,NEKEMTE DISTRICT,10398
Amuru Branch,NEKEMTE DISTRICT,10274
Anfillo Branch,NEKEMTE DISTRICT,10230
Anger Gute Branch,NEKEMTE DISTRICT,10050
Asosa Branch,NEKEMTE DISTRICT,10138
Ayira Branch,NEKEMTE DISTRICT,10319
Babo Gambel Branch,NEKEMTE DISTRICT,10399
Bake Jama Branch,NEKEMTE DISTRICT,10315
Begi Branch,NEKEMTE DISTRICT,10210
Bila Branch,NEKEMTE DISTRICT,10316
Bokku Branch,NEKEMTE DISTRICT,10290
Bonaya Boshe Branch,NEKEMTE DISTRICT,10344
Burqa Jato Branch,NEKEMTE DISTRICT,10515
Chanqa Birbir Branch,NEKEMTE DISTRICT,10201
Dambi Dollo Branch,NEKEMTE DISTRICT,10016
Fincha'a Branch,NEKEMTE DISTRICT,10469
Ganji Branch,NEKEMTE DISTRICT,10208
Gida Ayana Branch,NEKEMTE DISTRICT,10161
Gidami Branch,NEKEMTE DISTRICT,10060
Gimbi Branch,NEKEMTE DISTRICT,10029
Gudetu Arjo Branch,NEKEMTE DISTRICT,10345
Guduru Branch,NEKEMTE DISTRICT,10054
Guliso Branch,NEKEMTE DISTRICT,10039
Hababo Guduru Branch,NEKEMTE DISTRICT,10219
Harato Branch,NEKEMTE DISTRICT,10401
Hawa Gelan Branch,NEKEMTE DISTRICT,10317
Jimma Arjo Branch,NEKEMTE DISTRICT,10186
Jimma Rare Branch,NEKEMTE DISTRICT,10205
Kiltu Karra Branch,NEKEMTE DISTRICT,10211
Kiramu Branch,NEKEMTE DISTRICT,10273
Leka Branch,NEKEMTE DISTRICT,10108
Leka Dulacha Branch,NEKEMTE DISTRICT,10202
Mandi Branch,NEKEMTE DISTRICT,10209
Muka Arara Branch,NEKEMTE DISTRICT,10218
Nedjo Branch,NEKEMTE DISTRICT,10098
Nekemte Branch,NEKEMTE DISTRICT,10007
Nunu Kumba Branch,NEKEMTE DISTRICT,10204
Oda Karra Branch,NEKEMTE DISTRICT,10217
Qebe Branch,NEKEMTE DISTRICT,10382
Qeto Machara Branch,NEKEMTE DISTRICT,10221
Sayo Nole Branch,NEKEMTE DISTRICT,10271
Shambu Branch,NEKEMTE DISTRICT,10120
Sibu Sire Branch,NEKEMTE DISTRICT,10207
Tullu Gana Branch,NEKEMTE DISTRICT,10318
Ukke Branch,NEKEMTE DISTRICT,10200
Abichu Nya'a Branch,NORTH FINFINE DISTRICT,10353
Adami Branch,NORTH FINFINE DISTRICT,10264
Addisu Gebeya Branch,NORTH FINFINE DISTRICT,10095
Akako Branch,NORTH FINFINE DISTRICT,10686
Aleltu Branch,NORTH FINFINE DISTRICT,10255
Awaro Branch,NORTH FINFINE DISTRICT,10465
Bakalca Branch,NORTH FINFINE DISTRICT,10445
Bake Branch,NORTH FINFINE DISTRICT,10143
Bilile Branch,NORTH FINFINE DISTRICT,10386
Bori Branch,NORTH FINFINE DISTRICT,10450
CMC Branch,NORTH FINFINE DISTRICT,10151
Chafe Arara Branch,NORTH FINFINE DISTRICT,10331
Chancho Branch,NORTH FINFINE DISTRICT,10053
Dale Dembel Branch,NORTH FINFINE DISTRICT,10175
Debre Birhan Branch,NORTH FINFINE DISTRICT,
Derra Branch,NORTH FINFINE DISTRICT,10157
Didimtu Branch,NORTH FINFINE DISTRICT,10576
Duber Branch,NORTH FINFINE DISTRICT,
Ferensay Legasiyon Br,NORTH FINFINE DISTRICT,10137
Fiche Branch,NORTH FINFINE DISTRICT,10080
Fitala Branch,NORTH FINFINE DISTRICT,10598
Folle Branch,NORTH FINFINE DISTRICT,10575
Garba Guracha Branch,NORTH FINFINE DISTRICT,10605
Gulele Branch,NORTH FINFINE DISTRICT,10019
Harru Maru Branch,NORTH FINFINE DISTRICT,10441
Hidhabu Abote Branch,NORTH FINFINE DISTRICT,10590
Hurufa Farado Branch,NORTH FINFINE DISTRICT,10555
Karra Allo Branch,NORTH FINFINE DISTRICT,10293
Karra Xuxxo Branch,NORTH FINFINE DISTRICT,10272
Kotobe Branch,NORTH FINFINE DISTRICT,10081
Kuyyu Branch,NORTH FINFINE DISTRICT,10031
Laga Bari Branch,NORTH FINFINE DISTRICT,10391
Lamberet Branch,NORTH FINFINE DISTRICT,10169
Lega Billawo Branch,NORTH FINFINE DISTRICT,10581
Lega Jidha Branch,NORTH FINFINE DISTRICT,10685
Lega Tafo Branch,NORTH FINFINE DISTRICT,10066
Madaro Branch,NORTH FINFINE DISTRICT,10475
Mujja Branch,NORTH FINFINE DISTRICT,10266
Muka Turi Branch,NORTH FINFINE DISTRICT,10147
Mulo Branch,NORTH FINFINE DISTRICT,10225
Rabadori Branch,NORTH FINFINE DISTRICT,10537
Raso Branch,NORTH FINFINE DISTRICT,10632
Salgan Eggu Branch,NORTH FINFINE DISTRICT,10321
Sendafa Bake Branch,NORTH FINFINE DISTRICT,10032
Shararo Branch,NORTH FINFINE DISTRICT,10238
Shenen Jida Branch,NORTH FINFINE DISTRICT,10179
Sheno Branch,NORTH FINFINE DISTRICT,10092
Shufune Branch,NORTH FINFINE DISTRICT,10302
Sululta Branch,NORTH FINFINE DISTRICT,10023
Tufa Muna Branch,NORTH FINFINE DISTRICT,10355
Tulu Fati Branch,NORTH FINFINE DISTRICT,10687
Wabari Branch,NORTH FINFINE DISTRICT,10540
Warra Jarso Branch,NORTH FINFINE DISTRICT,10193
Wasarbi Branch,NORTH FINFINE DISTRICT,10177
Yaya Gulale Branch,NORTH FINFINE DISTRICT,10298
Adaba Branch,SHASHEMENE DISTRICT,10146
Ajje Branch,SHASHEMENE DISTRICT,10265
Amal Branch,SHASHEMENE DISTRICT,10547
Arsi Negelle Branch,SHASHEMENE DISTRICT,10025
Awasho Branch,SHASHEMENE DISTRICT,10192
Batu Branch,SHASHEMENE DISTRICT,10150
Birbirsa Qaraxa Branch,SHASHEMENE DISTRICT,10613
Bishan Guracha Branch,SHASHEMENE DISTRICT,10347
Bulbula Branch,SHASHEMENE DISTRICT,10279
Dida Boqe Branch,SHASHEMENE DISTRICT,10616
Dodola Branch,SHASHEMENE DISTRICT,10099
Fejir Branch,SHASHEMENE DISTRICT,10574
Hamza Mesgid Branch,SHASHEMENE DISTRICT,10416
Hara Dembel Branch,SHASHEMENE DISTRICT,10510
Harufa Branch,SHASHEMENE DISTRICT,10229
Hasasa Branch,SHASHEMENE DISTRICT,10030
Heban Arsi Branch,SHASHEMENE DISTRICT,10288
Heraro Branch,SHASHEMENE DISTRICT,10612
Iman Branch,SHASHEMENE DISTRICT,10426
Kiltu Dema Branch,SHASHEMENE DISTRICT,10512
Kofele Branch,SHASHEMENE DISTRICT,10115
Kokosa Branch,SHASHEMENE DISTRICT,10287
Kuyera Branch,SHASHEMENE DISTRICT,10332
Meja Demma Branch,SHASHEMENE DISTRICT,10614
Melka Oda Branch,SHASHEMENE DISTRICT,10615
Nagele Hasasa Branch,SHASHEMENE DISTRICT,10476
Nesiha Branch,SHASHEMENE DISTRICT,10531
Oda Bilbila Branch,SHASHEMENE DISTRICT,10346
Qore Branch,SHASHEMENE DISTRICT,10231
Shashemene Branch,SHASHEMENE DISTRICT,10006
Uta Wayyu Branch,SHASHEMENE DISTRICT,10069
Uta kaku Branch,SHASHEMENE DISTRICT,
Warqa Branch,SHASHEMENE DISTRICT,10203
Ali Bira Branch,SOUTH FINFINE DISTRICT,10640
Asgori Branch,SOUTH FINFINE DISTRICT,10300
Ayetu Branch,SOUTH FINFINE DISTRICT,10306
Bakannisa Branch,SOUTH FINFINE DISTRICT,10073
Bantu Branch,SOUTH FINFINE DISTRICT,10289
Burka Wayu Branch,SOUTH FINFINE DISTRICT,10456
Butta Branch,SOUTH FINFINE DISTRICT,10538
Chalchali Branch,SOUTH FINFINE DISTRICT,10235
Darraba Bido Branch,SOUTH FINFINE DISTRICT,10569
Dawo Branch,SOUTH FINFINE DISTRICT,10214
Furi Branch,SOUTH FINFINE DISTRICT,10079
Gara Bolo Branch,SOUTH FINFINE DISTRICT,10558
Gara Dhanqu Branch,SOUTH FINFINE DISTRICT,10647
Gofa Gabriel Branch,SOUTH FINFINE DISTRICT,10174
Gofa Mazoria Branch,SOUTH FINFINE DISTRICT,10119
Gotera Branch,SOUTH FINFINE DISTRICT,10126
Guge Branch,SOUTH FINFINE DISTRICT,10548
Halchisa Branch,SOUTH FINFINE DISTRICT,10458
Haro Wanchi Branch,SOUTH FINFINE DISTRICT,10463
Horsisa Branch,SOUTH FINFINE DISTRICT,10457
Ilanso Hallo Branch,SOUTH FINFINE DISTRICT,10597
Itti Mako Branch,SOUTH FINFINE DISTRICT,10559
Jahan Ameya Branch,SOUTH FINFINE DISTRICT,10194
Jamo Branch,SOUTH FINFINE DISTRICT,10166
Koromi Branch,SOUTH FINFINE DISTRICT,10628
Labu Branch,SOUTH FINFINE DISTRICT,10292
Lafto Branch,SOUTH FINFINE DISTRICT,10112
Leman Branch,SOUTH FINFINE DISTRICT,10156
Lume Branch,SOUTH FINFINE DISTRICT,10223
Mako Bili Branch,SOUTH FINFINE DISTRICT,10529
Marwa Branch,SOUTH FINFINE DISTRICT,10435
Melka Hurbu Branch,SOUTH FINFINE DISTRICT,10645
Merde Branch,SOUTH FINFINE DISTRICT,10343
Mogole Branch,SOUTH FINFINE DISTRICT,
Nonno Branch,SOUTH FINFINE DISTRICT,10183
Ochocha Branch,SOUTH FINFINE DISTRICT,10309
Qacha Branch,SOUTH FINFINE DISTRICT,10448
Qorke Karabu Branch,SOUTH FINFINE DISTRICT,10305
Roge Branch,SOUTH FINFINE DISTRICT,10646
Sadan Soddo Branch,SOUTH FINFINE DISTRICT,10270
Sebeta Ayo Branch,SOUTH FINFINE DISTRICT,10020
Sebeta Hawas Branch,SOUTH FINFINE DISTRICT,10083
Soddo Dachi Branch,SOUTH FINFINE DISTRICT,10215
Taji Branch,SOUTH FINFINE DISTRICT,10297
Tiksa Jima Branch,SOUTH FINFINE DISTRICT,10452
Torban Wale Branch,SOUTH FINFINE DISTRICT,10304
Tullu Ejersa Branch,SOUTH FINFINE DISTRICT,10253
Tulu Bolo Branch,SOUTH FINFINE DISTRICT,10055
Tulu dhertu Branch,SOUTH FINFINE DISTRICT,10673
Urji Branch,SOUTH FINFINE DISTRICT,10635
Wato Branch,SOUTH FINFINE DISTRICT,10596
Weliso Branch,SOUTH FINFINE DISTRICT,10021
Trade Service Process,TRADE SERVICE PROCESS,
Aba Gemechis Branch,WESTERN FINFINE DISTRICT,10633
Abishe Gerba Branch,WESTERN FINFINE DISTRICT,10634
Abuna Branch,WESTERN FINFINE DISTRICT,10262
Ada Barga Branch,WESTERN FINFINE DISTRICT,10241
Ambo Branch,WESTERN FINFINE DISTRICT,10009
Ansar Branch,WESTERN FINFINE DISTRICT,10413
Asgori-Subba Branch,WESTERN FINFINE DISTRICT,
Asko Branch,WESTERN FINFINE DISTRICT,10128
Axale Jatani Branch,WESTERN FINFINE DISTRICT,10543
Ayer Tena Branch,WESTERN FINFINE DISTRICT,10097
Bako Tibe Branch,WESTERN FINFINE DISTRICT,10152
Bethel Branch,WESTERN FINFINE DISTRICT,10088
Boda Branch,WESTERN FINFINE DISTRICT,
Boke Branch,WESTERN FINFINE DISTRICT,10565
Boku Migra Bake Branch,WESTERN FINFINE DISTRICT,10384
Buludo Branch,WESTERN FINFINE DISTRICT,10626
Burayu Branch,WESTERN FINFINE DISTRICT,10011
Dire Hinchini Branch,WESTERN FINFINE DISTRICT,10144
Dire Sololiya,WESTERN FINFINE DISTRICT,10328
Ebisa Adugna,WESTERN FINFINE DISTRICT,10631
Ejere Branch,WESTERN FINFINE DISTRICT,10187
Gafarsa Nono,WESTERN FINFINE DISTRICT,10312
Gedo Branch,WESTERN FINFINE DISTRICT,10058
Gefersa Branch,WESTERN FINFINE DISTRICT,10042
Ginchi Branch,WESTERN FINFINE DISTRICT,10078
Goro Qerensa Branch,WESTERN FINFINE DISTRICT,10385
Guddu Branch,WESTERN FINFINE DISTRICT,
Guder Branch,WESTERN FINFINE DISTRICT,10091
Guje Branch,WESTERN FINFINE DISTRICT,10181
Hayyu Branch,WESTERN FINFINE DISTRICT,10567
Holeta Branch,WESTERN FINFINE DISTRICT,10044
Ilu Gelan Branch,WESTERN FINFINE DISTRICT,10220
Irbu Branch,WESTERN FINFINE DISTRICT,10472
Jagema Bedhane Branch,WESTERN FINFINE DISTRICT,10433
Jaldu Branch,WESTERN FINFINE DISTRICT,10263
Jibat Branch,WESTERN FINFINE DISTRICT,10461
Karra Qore Branch,WESTERN FINFINE DISTRICT,10322
Katta Branch,WESTERN FINFINE DISTRICT,10499
Kolfe Branch,WESTERN FINFINE DISTRICT,10036
Kolobo Branch,WESTERN FINFINE DISTRICT,10571
Kombe Branch,WESTERN FINFINE DISTRICT,10291
Kusaye Branch,WESTERN FINFINE DISTRICT,10542
Kutaye Branch,WESTERN FINFINE DISTRICT,10303
Lega Saqo Branch,WESTERN FINFINE DISTRICT,10568
Liban Jawi Branch,WESTERN FINFINE DISTRICT,10320
Makkat Al-Mukkarama,WESTERN FINFINE DISTRICT,10362
Melka Gefersa Branch,WESTERN FINFINE DISTRICT,10308
Meta Walkite Branch,WESTERN FINFINE DISTRICT,10216
Midakegni Branch,WESTERN FINFINE DISTRICT,10195
Mogor Branch,WESTERN FINFINE DISTRICT,10165
Nejashi Branch,WESTERN FINFINE DISTRICT,10528
Oda Bisil Branch,WESTERN FINFINE DISTRICT,10327
Odo Liben Branch,WESTERN FINFINE DISTRICT,10307
Olonkomi Branch,WESTERN FINFINE DISTRICT,10301
Qajela Doyo Branch,WESTERN FINFINE DISTRICT,10333
Qale Branch,WESTERN FINFINE DISTRICT,10453
TEQWA BRANCH,WESTERN FINFINE DISTRICT,10434
Wadessa Branch,WESTERN FINFINE DISTRICT,10376
Warqa Qore Branch,WESTERN FINFINE DISTRICT,
Digital Banking,HEAD OFFICE,10473
